{
  "timestamp": "20250709_050216",
  "best_params": {
    "xgboost": {
      "n_estimators": 900,
      "max_depth": 12,
      "learning_rate": 0.01952366231183546,
      "subsample": 0.8318849007022828,
      "colsample_bytree": 0.9854479317672701,
      "reg_alpha": 0.36315184930326583,
      "reg_lambda": 3.957115150546295,
      "min_child_weight": 1,
      "gamma": 0.11124465089711673
    },
    "lightgbm": {
      "n_estimators": 400,
      "max_depth": 8,
      "learning_rate": 0.028057329508564436,
      "subsample": 0.6066387374597534,
      "colsample_bytree": 0.8674210641290667,
      "reg_alpha": 0.6526109553222303,
      "reg_lambda": 4.001387239264024,
      "min_child_samples": 27,
      "num_leaves": 154
    }
  },
  "best_scores": {
    "xgboost": 0.9968982933519551,
    "lightgbm": 0.9964112027297345
  },
  "cv_folds": 3,
  "random_state": 42
}