{
  "timestamp": "20250709_011625",
  "best_params": {
    "xgboost": {
      "n_estimators": 750,
      "max_depth": 11,
      "learning_rate": 0.07538833544932481,
      "subsample": 0.7500338634235656,
      "colsample_bytree": 0.9471115074317812,
      "reg_alpha": 0.8066698506936958,
      "reg_lambda": 7.779634072724803,
      "min_child_weight": 8,
      "gamma": 0.024467690580675626
    }
  },
  "best_scores": {
    "xgboost": 0.9959679433798492
  },
  "cv_folds": 3,
  "random_state": 42
}