{
  "objective": "binary",
  "metric": "auc",
  "boosting_type": "gbdt",
  "random_state": 42,
  "verbosity": -1,
  "n_estimators": 400,
  "max_depth": 8,
  "learning_rate": 0.028057329508564436,
  "subsample": 0.6066387374597534,
  "colsample_bytree": 0.8674210641290667,
  "reg_alpha": 0.6526109553222303,
  "reg_lambda": 4.001387239264024,
  "min_child_samples": 27,
  "num_leaves": 154
}